"slug","region","group","group_note","sub","title","type","beds","baths","pool","image","owner_url","status","notes"
"lanner-cornwall","United Kingdom","South West England","Cornish coves, Devon boltholes and cottages across the West Country.","South West England","Lanner, Cornwall","Cottage","2","2","","images/image-standard-prv-846687.webp","https://www.chybian.com/","live",""
"new-milton-new-forest","United Kingdom","Southern & South East England","New Forest cottages, Kentish villages and Bedfordshire farmhouses.","Southern & South East England","New Milton, New Forest","Cottage","3","2","","images/image-standard-prv-846683.webp","https://www.inglewoodcottage.co.uk/","live",""
"westward-ho-devon","United Kingdom","South West England","Cornish coves, Devon boltholes and cottages across the West Country.","South West England","Westward Ho!, Devon","Cottage","3","3","","images/image-standard-prv-846677.webp","https://www.westwardhoholidaycottage.co.uk/","live",""
"shefford-bedfordshire","United Kingdom","Southern & South East England","New Forest cottages, Kentish villages and Bedfordshire farmhouses.","Southern & South East England","Shefford, Bedfordshire","Farmhouse + Tennis Court","6","3","","images/image-standard-prv-846654.webp","https://thefarmhouse.polehanger.co.uk/","live",""
"wick-gloucestershire","United Kingdom","South West England","Cornish coves, Devon boltholes and cottages across the West Country.","South West England","Wick, Gloucestershire","Cottage (Annexe)","1","1","","images/image-standard-prv-846643.webp","https://www.yewtreebath.co.uk/","live",""
"south-hams-devon","United Kingdom","South West England","Cornish coves, Devon boltholes and cottages across the West Country.","South West England","South Hams, Devon","Cottage","2","1","","images/image-standard-prv-846634.webp","https://www.aprilcottage.info/","live",""
"portreath-cornwall","United Kingdom","South West England","Cornish coves, Devon boltholes and cottages across the West Country.","South West England","Portreath, Cornwall","House (Dog Friendly)","5","2","","images/image-standard-prv-846624.webp","https://www.thecoveportreath.co.uk/","live",""
"st-ives-cornwall","United Kingdom","South West England","Cornish coves, Devon boltholes and cottages across the West Country.","South West England","St Ives, Cornwall","Lighthouse Style (4 Floors)","2","1","","images/image-standard-prv-846620.webp","https://www.thelighthousestives.com/","live",""
"launceston-cornwall","United Kingdom","South West England","Cornish coves, Devon boltholes and cottages across the West Country.","South West England","Launceston, Cornwall","Barn Conversion","3","2","","images/image-standard-prv-846405.webp","https://www.crookedbarn.co.uk/","live",""
"appledore-kent","United Kingdom","Southern & South East England","New Forest cottages, Kentish villages and Bedfordshire farmhouses.","Southern & South East England","Appledore, Kent","Cottage","3","2","","images/image-standard-prv-846393.webp","https://www.brittonshillcottage.com/","live",""
"cornwall","United Kingdom","South West England","Cornish coves, Devon boltholes and cottages across the West Country.","South West England","Cornwall","Apartment (Penthouse)","2","2","","images/image-standard-prv-846392.webp","https://www.porthsandspenthouse.co.uk/","live",""
"north-devon","United Kingdom","South West England","Cornish coves, Devon boltholes and cottages across the West Country.","South West England","North Devon","Cottage","3","2","","images/image-standard-prv-846389.webp","https://www.wearecottage.co.uk/","live",""
"bollihope-county-durham","United Kingdom","North East & Yorkshire","Northumberland lodges, County Durham cottages and Yorkshire cabins.","North East & Yorkshire","Bollihope, County Durham","Cottage","2","1","","images/image-standard-prv-846648.webp","https://www.weardale-cottage.co.uk/","live",""
"kendal-cumbria","United Kingdom","North West & Lake District","Lake District barns and apartments in Cumbria.","North West & Lake District","Kendal, Cumbria","Apartment","2","2","","images/image-standard-prv-846633.webp","https://kendalcottages.com/","live",""
"wilberfoss-york","United Kingdom","North East & Yorkshire","Northumberland lodges, County Durham cottages and Yorkshire cabins.","North East & Yorkshire","Wilberfoss, York","Wooden Cabin","2","1","","images/image-standard-prv-846408.webp","https://www.goldcrestcabin.com/","live",""
"felmoor-park-northumberland","United Kingdom","North East & Yorkshire","Northumberland lodges, County Durham cottages and Yorkshire cabins.","North East & Yorkshire","Felmoor Park, Northumberland","Wooden Lodge","2","1","","images/image-standard-prv-846406.webp","https://vermont-lodge.com/","live",""
"cumbria-lake-district","United Kingdom","North West & Lake District","Lake District barns and apartments in Cumbria.","North West & Lake District","Cumbria, Lake District","Barn Conversion","2","2","","images/image-standard-prv-846401.webp","https://www.churchhousebarn.co.uk/rates-availability","live",""
"cowling-yorkshire","United Kingdom","North East & Yorkshire","Northumberland lodges, County Durham cottages and Yorkshire cabins.","North East & Yorkshire","Cowling, Yorkshire","Cottage","1","1","","images/image-standard-prv-846396.webp","https://www.eamescottage.co.uk/","live",""
"sheringham-norfolk","United Kingdom","Middle England","Norfolk coast apartments and country houses across the shires.","Middle England","Sheringham, Norfolk","Apartment","2","1","","images/image-standard-prv-846661.webp","https://luxurylookoutsheringham.co.uk/","live",""
"south-leverton-nottinghamshire","United Kingdom","Middle England","Norfolk coast apartments and country houses across the shires.","Middle England","South Leverton, Nottinghamshire","House","7","5","","images/image-standard-prv-846632.webp","https://www.diamondhouse.org.uk/","live",""
"croxton-lincolnshire","United Kingdom","Middle England","Norfolk coast apartments and country houses across the shires.","Middle England","Croxton, Lincolnshire","House","4","1","","images/image-standard-prv-846391.webp","https://www.croxton-house.co.uk/","live",""
"minnigaff-newton-stewart","United Kingdom","Scotland","Highland houses with hot tubs, lochside cottages and dog-friendly escapes.","Scotland","Minnigaff, Newton Stewart","Cottage (Dog Friendly)","2","1","","images/image-standard-prv-846032.webp","https://www.gallowayholidaycottage.co.uk/","live",""
"nr-pitlochry","United Kingdom","Scotland","Highland houses with hot tubs, lochside cottages and dog-friendly escapes.","Scotland","Nr Pitlochry","House + Retreat Cabin, Hot Tub (Dog Friendly)","6","5","","images/image-standard-prv-846031.webp","https://www.kinnaird-house.co.uk/","live",""
"wanlockhead","United Kingdom","Scotland","Highland houses with hot tubs, lochside cottages and dog-friendly escapes.","Scotland","Wanlockhead","House (Hot Tub / Sauna)","7","4","","images/image-standard-prv-846027.webp","https://beltonhouseholidayhome.co.uk/","live",""
"rural-angus","United Kingdom","Scotland","Highland houses with hot tubs, lochside cottages and dog-friendly escapes.","Scotland","Rural Angus","House (Plus Annex)","5","5","","images/image-standard-prv-846026.webp","https://www.kinclune.co.uk/","live",""
"durnamuck","United Kingdom","Scotland","Highland houses with hot tubs, lochside cottages and dog-friendly escapes.","Scotland","Durnamuck","Cottage (Dog Friendly)","3","2","","images/image-standard-prv-846025.webp","https://www.sailmhorview.co.uk/","live",""
"loch-earn","United Kingdom","Scotland","Highland houses with hot tubs, lochside cottages and dog-friendly escapes.","Scotland","Loch Earn","Cottage (Dog Friendly)","2","2","","images/image-standard-prv-846024.webp","https://www.stayatbriar.co.uk/briar-steading","live",""
"wester-ross","United Kingdom","Scotland","Highland houses with hot tubs, lochside cottages and dog-friendly escapes.","Scotland","Wester Ross","House (Dog Friendly)","4","3","","images/image-standard-prv-846020.webp","https://www.poolewebeachhouse.com/","live",""
"tougal-morar-estuary","United Kingdom","Scotland","Highland houses with hot tubs, lochside cottages and dog-friendly escapes.","Scotland","Tougal, Morar Estuary","House","2","1","","images/image-standard-prv-846019.webp","https://whitesandsmorar.com/","live",""
"anglesey-gwynedd","United Kingdom","Wales","Anglesey cottages and Carmarthenshire barns with private pools.","Wales","Anglesey, Gwynedd","Cottage","2","1","","images/image-standard-prv-846615.webp","https://www.cowbellecottage.co.uk/","live",""
"meidrim-carmarthenshire","United Kingdom","Wales","Anglesey cottages and Carmarthenshire barns with private pools.","Wales","Meidrim, Carmarthenshire","Barn Conversion (Sauna)","3","2","Private Pool","images/image-standard-prv-846610.webp","https://www.meidrim.com/","live",""
"y-felinheli-gwynedd","United Kingdom","Wales","Anglesey cottages and Carmarthenshire barns with private pools.","Wales","Y Felinheli, Gwynedd","Cottage","2","1","","images/image-standard-prv-846409.webp","https://themooringscottage.com/","live",""
"pleamar-torrevieja","Europe","Spain","Costa Blanca and Costa del Sol villas, golf-resort living and island hideaways on Ibiza and Lanzarote.","Spain","Pleamar, Torrevieja","Villa","3","3","Private Pool","images/image-standard-prv-847223.webp","https://pleamar30holidayrental.com/","live",""
"rome","Europe","Italy","A city apartment in Rome.","Italy","Rome","Apartment","2","1","","images/image-standard-prv-847222.webp","https://navona-apartment.it/","live",""
"cala-tarida-ibiza","Europe","Spain","Costa Blanca and Costa del Sol villas, golf-resort living and island hideaways on Ibiza and Lanzarote.","Spain","Cala Tarida, Ibiza","Villa","2","2","Private Pool","images/image-standard-prv-846902.webp","https://www.villacalatarida.nl/","live",""
"javea","Europe","Spain","Costa Blanca and Costa del Sol villas, golf-resort living and island hideaways on Ibiza and Lanzarote.","Spain","Javea, Costa Blanca","Villa","3","3","Private Pool","images/image-standard-prv-846860.webp","https://www.lacasarosajavea.com/","live",""
"parador-nerja","Europe","Spain","Costa Blanca and Costa del Sol villas, golf-resort living and island hideaways on Ibiza and Lanzarote.","Spain","Parador, Nerja","House","2","2","Communal Pool","images/image-standard-prv-846856.webp","https://www.casasolbritt.com/","live",""
"le-bar-sur-loup","Europe","France","Riviera villas, Aquitaine farmhouses and gîtes in Poitou-Charentes.","France","Le Bar-sur-Loup, French Riviera","Villa","6","6","Private Pool","images/image-standard-prv-846818.webp","https://www.villaspencer.com/","live",""
"poitou-charentes-ac5dad","Europe","France","Riviera villas, Aquitaine farmhouses and gîtes in Poitou-Charentes.","France","Poitou-Charentes","Gîte","5","3","Private Pool","images/image-standard-prv-846812.webp","https://www.belleechappee.com/","live",""
"orihuela-costa","Europe","Spain","Costa Blanca and Costa del Sol villas, golf-resort living and island hideaways on Ibiza and Lanzarote.","Spain","Orihuela Costa, Costa Blanca","Apartment","3","2","Communal Pool","images/image-standard-prv-846808.webp","https://www.bookabitofparadise.com/","live",""
"meladeia-village-paphos","Europe","Cyprus","A village house near Paphos.","Cyprus","Meladeia Village, Paphos","House","2","2","Private Pool","images/image-standard-prv-846802.webp","https://www.ithakihouse.com/","live",""
"poitou-charentes-580979","Europe","France","Riviera villas, Aquitaine farmhouses and gîtes in Poitou-Charentes.","France","Poitou-Charentes","Farmhouse","4","3","Private Pool","images/image-standard-prv-846774.webp","https://www.lavieilleferme16150.co.uk/","live",""
"les-issambres-var","Europe","France","Riviera villas, Aquitaine farmhouses and gîtes in Poitou-Charentes.","France","Les Issambres, Var","Villa","4","4","Private Pool","images/image-standard-prv-846771.webp","https://www.villagladys.com/","live",""
"monflanquin-aquitaine","Europe","France","Riviera villas, Aquitaine farmhouses and gîtes in Poitou-Charentes.","France","Monflanquin, Aquitaine","Farmhouse","4","3","Private Pool","images/image-standard-prv-846769.webp","https://jouannoufarmhouse.com/","live",""
"playa-blanca-lanzarote","Europe","Spain","Costa Blanca and Costa del Sol villas, golf-resort living and island hideaways on Ibiza and Lanzarote.","Spain","Playa Blanca, Lanzarote","Villa","2","1","Private Pool","images/image-standard-prv-846767.webp","https://www.lanzarote-holiday-villa.co.uk/","live",""
"torre-pacheco-mar-menor-golf-resort","Europe","Spain","Costa Blanca and Costa del Sol villas, golf-resort living and island hideaways on Ibiza and Lanzarote.","Spain","Torre-Pacheco, Mar Menor Golf Resort","Villa","3","3","Private Pool","images/image-standard-prv-846765.webp","https://www.villa-aguila.co.uk/","live",""
"st-pete-beach","USA","Florida","Gulf-coast condos and beach houses across the Sunshine State.","Florida","St Pete Beach","Condo (Apartment)","2","1","","images/image-standard-prv-846018.webp","https://majesticbeachcondo.com/","live",""
"hernando-beach","USA","Florida","Gulf-coast condos and beach houses across the Sunshine State.","Florida","Hernando Beach","House","4","5","Private Pool","images/image-standard-prv-846017.webp","https://www.hernandohideaway.com/","live",""
"panama-city-beach","USA","Florida","Gulf-coast condos and beach houses across the Sunshine State.","Florida","Panama City Beach","Studio Condo (Apartment)","1","1","Communal Pool","images/image-standard-prv-846015.webp","https://www.dreamalittledreampcb.com/","live",""
"barefoot-beach","USA","Florida","Gulf-coast condos and beach houses across the Sunshine State.","Florida","Barefoot Beach","Condo (Apartment)","2","1","","images/image-standard-prv-846013.webp","https://www.mybeachshack.net/","live",""
"santa-rosa-beach","USA","Florida","Gulf-coast condos and beach houses across the Sunshine State.","Florida","Santa Rosa Beach","Beach House","4","3","Communal Pool","images/image-standard-prv-845951.webp","https://www.bellacosta30a.com/","live",""
"st-george-island","USA","Florida","Gulf-coast condos and beach houses across the Sunshine State.","Florida","St George Island","Island House","3","2","","images/image-standard-prv-845950.webp","https://www.islevaca.com/","live",""
"clearwater-beach","USA","Florida","Gulf-coast condos and beach houses across the Sunshine State.","Florida","Clearwater Beach","Condo (Apartment)","3","2","Communal Pool","images/image-standard-prv-845949.webp","https://www.clearwaterbeachcondorental.com/","live",""
"disney-orlando-b5bab8","USA","Florida — Disney Area","Spacious private-pool villas minutes from the Orlando parks.","Florida","Disney, Orlando","Villa","5","3","Private Pool","images/image-standard-prv-845945.webp","https://www.villalangham.co.uk/","live",""
"disney-orlando-6c89c2","USA","Florida — Disney Area","Spacious private-pool villas minutes from the Orlando parks.","Florida","Disney, Orlando","Villa","3","3","Private Pool","images/image-standard-prv-845944.webp","https://www.orlandoadventurehomes.com/","live",""
"disney-orlando-ce1867","USA","Florida — Disney Area","Spacious private-pool villas minutes from the Orlando parks.","Florida","Disney, Orlando","Villa","5","5","Private Pool","images/image-standard-prv-845943.webp","https://www.sunsetmemoriesvilla.com/","live",""
"disney-orlando-04158d","USA","Florida — Disney Area","Spacious private-pool villas minutes from the Orlando parks.","Florida","Disney, Orlando","Villa","5","5","Private Pool","images/image-standard-prv-845940.webp","https://www.mariosarcadepoolhouse.com/","live",""
"disney-orlando-c3bec6","USA","Florida — Disney Area","Spacious private-pool villas minutes from the Orlando parks.","Florida","Disney, Orlando","Villa","4","3","Private Pool","images/image-standard-prv-845939.webp","https://serhiivilla.com/","live",""
"disney-orlando-f68b42","USA","Florida — Disney Area","Spacious private-pool villas minutes from the Orlando parks.","Florida","Disney, Orlando","Villa","5","4","Private Pool","images/image-standard-prv-845938.webp","https://www.calabaypalmsvilla.com/","live",""
"disney-orlando-34488c","USA","Florida — Disney Area","Spacious private-pool villas minutes from the Orlando parks.","Florida","Disney, Orlando","Villa","4","3","Private Pool","images/image-standard-prv-845937.webp","https://floridavillarosso.co.uk/","live",""
"disney-orlando-592436","USA","Florida — Disney Area","Spacious private-pool villas minutes from the Orlando parks.","Florida","Disney, Orlando","Villa","3","3","Private Pool","images/image-standard-prv-845936.webp","https://www.whbeourguest.com/","live",""
"disney-orlando-579556","USA","Florida — Disney Area","Spacious private-pool villas minutes from the Orlando parks.","Florida","Disney, Orlando","Villa","4","4","Private Pool","images/image-standard-prv-845935.webp","https://www.oristaendlesssummervilla.com/","live",""
"disney-orlando-40d098","USA","Florida — Disney Area","Spacious private-pool villas minutes from the Orlando parks.","Florida","Disney, Orlando","Villa","4","3","Private Pool","images/image-standard-prv-845933.webp","https://www.ourdisneyhouse.com/","live",""
"disney-orlando-bfb4af","USA","Florida — Disney Area","Spacious private-pool villas minutes from the Orlando parks.","Florida","Disney, Orlando","Villa","4","4","Private Pool","images/image-standard-prv-845930.webp","https://www.oristaendlesssummervilla.com/","hidden","duplicate of disney-orlando-579556 (same owner website); hidden per Gary 30 Sep"
"disney-orlando-7f89ce","USA","Florida — Disney Area","Spacious private-pool villas minutes from the Orlando parks.","Florida","Disney, Orlando","Villa","5","3","Communal Pool","images/image-standard-prv-844757.webp","https://www.sunstreamsvilla.com/","live",""
"gulf-shores-7dd82f","USA","All Other States","From Gulf Shores to the Smokies, Hawaii to the Carolinas.","Alabama","Gulf Shores","Condo (Apartment)","2","2","Communal Pool","images/image-standard-prv-847278.webp","https://www.sandcastlestays.com/","live",""
"surf-city","USA","All Other States","From Gulf Shores to the Smokies, Hawaii to the Carolinas.","North Carolina","Surf City","House","4","3","","images/image-standard-prv-847277.webp","https://www.sweetteatopsail.com/","live",""
"branson","USA","All Other States","From Gulf Shores to the Smokies, Hawaii to the Carolinas.","Missouri","Branson","Condo (Apartment)","2","2","Communal Pool","images/image-standard-prv-847275.webp","https://www.kustescondo2023.com/","live",""
"smoky-mountains","USA","All Other States","From Gulf Shores to the Smokies, Hawaii to the Carolinas.","South Carolina","Smoky Mountains","Cabin","4","3","","images/image-standard-prv-847258.webp","https://www.silverbearvacationrentals.com/","live",""
"fripp-island","USA","All Other States","From Gulf Shores to the Smokies, Hawaii to the Carolinas.","South Carolina","Fripp Island","House","3","3","","images/image-standard-prv-847237.webp","https://sanddollarcourt.com/","live",""
"north-myrtle-beach","USA","All Other States","From Gulf Shores to the Smokies, Hawaii to the Carolinas.","South Carolina","North Myrtle Beach","House","5","6","Private Pool","images/image-standard-prv-847232.webp","https://www.whales-tale.com/","live",""
"gulf-shores-867ac1","USA","All Other States","From Gulf Shores to the Smokies, Hawaii to the Carolinas.","Alabama","Gulf Shores","House","8","6","Private Pool","images/image-standard-prv-847230.webp","https://lazyladygulfshores.com/","live",""
"corolla","USA","All Other States","From Gulf Shores to the Smokies, Hawaii to the Carolinas.","North Carolina","Corolla","House","3","3","Private Pool","images/image-standard-prv-847229.webp","https://www.thesaltyseahorse2201.com/","live",""
"molokai","USA","All Other States","From Gulf Shores to the Smokies, Hawaii to the Carolinas.","Hawaii","Molokai","Condo (Apartment)","1","1","Communal Pool","images/image-standard-prv-847228.webp","https://www.travelmolokai.com/","live",""
"maya-beach","Central America","","","Belize","Maya Beach, Placencia","Villa (Split Accommodation)","3","3","Communal Pool","images/image-standard-prv-847295.webp","https://oceansoftimebelize.com/","live",""
"cabarete-sea-horse-ranch","Caribbean Islands","Dominican Republic","A north-coast house at Sea Horse Ranch, Cabarete.","Dominican Republic","Cabarete, Sea Horse Ranch","House","5","5","Private Pool","images/image-standard-prv-847291.webp","https://www.yourbeachvilla.com/","live",""
"north-andros-island","Caribbean Islands","Bahamas","A beach house on North Andros and a cottage on Abaco.","Bahamas","North Andros Island","Beach House + Bungalow","3","3","","images/image-standard-prv-847287.webp","https://www.luredinnbahamas.com/","live",""
"palmetto-bay","Caribbean Islands","Roatán","A villa on the largest of Honduras’ Bay Islands.","Roatán","Palmetto Bay","Villa","4","4","Private Pool","images/image-standard-prv-847285.webp","https://www.larubeyaroatan.com/","live",""
"abaco","Caribbean Islands","Bahamas","A beach house on North Andros and a cottage on Abaco.","Bahamas","Abaco","Cottage","4","4","","images/image-standard-prv-847281.webp","https://www.bluecorallandingbahamas.com/","live",""
"turks-caicos","Caribbean Islands","Turks & Caicos","A villa overlooking Long Bay Beach on Providenciales.","Turks & Caicos","Long Bay Beach, Providenciales","House","7","7","Private Pool","images/image-standard-prv-847280.webp","https://www.sunrisevillaturks.com/","live",""
"merida","Central America","","","Mexico","Mérida","House","2","2","Private Pool","images/image-standard-prv-847330.webp","https://casaaltamerida.lodgify.com/","live",""
"esterillos","Central America","","","Costa Rica","Esterillos","Villa","2","2","Private Pool","images/image-standard-prv-847328.webp","https://www.casatweed.com/","live",""
"pura-vida","Central America","","","Costa Rica","Pura Vida","Beach House","7","7","Private Pool","images/image-standard-prv-847327.webp","https://www.hucksbeachhouse.com/","live",""
"akumal","Central America","","","Mexico","Akumal","Condo (Apartment)","2","2","Communal Pool","images/image-standard-prv-847301.webp","https://www.akumalbliss.com/","live",""
"coverack-cornwall","United Kingdom","South West England","Cornish coves, Devon boltholes and cottages across the West Country.","South West England","Coverack, Cornwall","Cottage","3","2","","images/coverack-cornwall.webp","https://www.boltholebythesea.co.uk/","live",""
"polgooth-cornwall","United Kingdom","South West England","Cornish coves, Devon boltholes and cottages across the West Country.","South West England","Polgooth, Cornwall","Cottage","1","1","","images/polgooth-cornwall.webp","https://www.thelodgepolgooth.com/","live",""
"poundstock-bude-cornwall","United Kingdom","South West England","Cornish coves, Devon boltholes and cottages across the West Country.","South West England","Poundstock, Bude, Cornwall","Cottage","","","","images/poundstock-bude-cornwall.webp","http://myholidaycottagecornwall.co.uk/","hold","CHECK: beds, baths"
"liskeard-cornwall","United Kingdom","South West England","Cornish coves, Devon boltholes and cottages across the West Country.","South West England","Liskeard, Cornwall","Cottage","2","2","","images/liskeard-cornwall.webp","https://www.theoldsawmillholidaycottage.com/","live",""
"mount-pleasant-st-ives","United Kingdom","South West England","Cornish coves, Devon boltholes and cottages across the West Country.","South West England","St Ives, Cornwall","Cottage","2","1","","images/mount-pleasant-st-ives.webp","https://www.numbersixstives.co.uk/","live",""
"se-cornwall","United Kingdom","South West England","Cornish coves, Devon boltholes and cottages across the West Country.","South West England","South East Cornwall","Cottage","3","","","images/se-cornwall.webp","https://thatchview.co.uk/","live","CHECK: baths"
"st-ives-apartment","United Kingdom","South West England","Cornish coves, Devon boltholes and cottages across the West Country.","South West England","St Ives, Cornwall","Apartment","3","","","images/st-ives-apartment.webp","https://www.cornwall-online.co.uk/annies-by-the-sea/Welcome.asp","hidden","CHECK: baths; directory-hosted page, hidden until Gary confirms"
"porthpean-cornwall","United Kingdom","South West England","Cornish coves, Devon boltholes and cottages across the West Country.","South West England","Porthpean, Cornwall","Cottage","3","","","images/porthpean-cornwall.webp","https://www.seasideholidaycottage.co.uk/","live","CHECK: baths"
"near-st-ives-cornwall","United Kingdom","South West England","Cornish coves, Devon boltholes and cottages across the West Country.","South West England","Near St Ives, Cornwall","Barn Conversion","2","2","","images/near-st-ives-cornwall.webp","https://skillywaddenbarn.co.uk/","live",""
"near-rock-cornwall","United Kingdom","South West England","Cornish coves, Devon boltholes and cottages across the West Country.","South West England","Near Rock, Cornwall","Cottage","3","3","","images/near-rock-cornwall.webp","https://www.gardeniacottagecornwall.co.uk/","live",""
"polzeath-cornwall","United Kingdom","South West England","Cornish coves, Devon boltholes and cottages across the West Country.","South West England","Polzeath, Cornwall","Cottage (Plus Annexe)","4","","","images/polzeath-cornwall.webp","https://www.stepperhead.co.uk/","live","CHECK: baths. 3 bedrooms in cottage + twin bedroom in annexe"
"mawnan-smith-cornwall","United Kingdom","South West England","Cornish coves, Devon boltholes and cottages across the West Country.","South West England","Mawnan Smith, Cornwall","Cottage (Dog Friendly)","2","","","images/mawnan-smith-cornwall.webp","https://www.daphnecottage.com/","live","CHECK: baths"
"coverack-corner-cottage","United Kingdom","South West England","Cornish coves, Devon boltholes and cottages across the West Country.","South West England","Coverack, Cornwall","Cottage","2","1","","images/coverack-corner-cottage.webp","https://www.cornercottageuk.com/","live",""
"porthcurno-cornwall","United Kingdom","South West England","Cornish coves, Devon boltholes and cottages across the West Country.","South West England","Porthcurno, Cornwall","Cottage","3","","","images/porthcurno-cornwall.webp","https://molvenny.co.uk","live","CHECK: baths"
"kingswear-devon","United Kingdom","South West England","Cornish coves, Devon boltholes and cottages across the West Country.","South West England","Kingswear, Dartmouth","Apartment (Maisonette)","2","2","","images/kingswear-devon.webp","https://www.chapelhousekingswear.co.uk/","live",""
"hartland-devon","United Kingdom","South West England","Cornish coves, Devon boltholes and cottages across the West Country.","South West England","Hartland, Devon","Cottage (Thatched)","1","1","","images/hartland-devon.webp","https://philhamwatercottage.co.uk/","live",""
"manaton-devon","United Kingdom","South West England","Cornish coves, Devon boltholes and cottages across the West Country.","South West England","Manaton, Dartmoor","Barn Conversion","","","","images/manaton-devon.webp","https://www.easdoncottage.co.uk/","hold","CHECK: type, beds, baths"
"kingsbridge-devon","United Kingdom","South West England","Cornish coves, Devon boltholes and cottages across the West Country.","South West England","Kingsbridge, Devon","Barn Conversion (Dog Friendly)","3","","","images/kingsbridge-devon.webp","https://www.devonshirecottages.co.uk/","live","CHECK: baths"
"ivybridge-devon","United Kingdom","South West England","Cornish coves, Devon boltholes and cottages across the West Country.","South West England","Ivybridge, Devon","Cottage","3","","","images/ivybridge-devon.webp","https://www.esmescottage.co.uk/","live","CHECK: baths"
"ilfracombe-devon","United Kingdom","South West England","Cornish coves, Devon boltholes and cottages across the West Country.","South West England","Ilfracombe, Devon","Apartment","2","2","","images/ilfracombe-devon.webp","https://thetempestholidayilfracombe.co.uk/","live",""
"paignton-devon","United Kingdom","South West England","Cornish coves, Devon boltholes and cottages across the West Country.","South West England","Paignton, Devon","Apartment (Penthouse)","3","2","Communal Pool","images/paignton-devon.webp","https://www.mydevonholidays.com/","live","CHECK: pool (shared heated pool + private hot tub)"
"braunton-devon","United Kingdom","South West England","Cornish coves, Devon boltholes and cottages across the West Country.","South West England","Braunton, Devon","Bungalow","2","","","images/braunton-devon.webp","https://baytreebraunton.co.uk/","live","CHECK: baths"
"combe-martin-devon","United Kingdom","South West England","Cornish coves, Devon boltholes and cottages across the West Country.","South West England","Combe Martin, Devon","Chalet Bungalow","3","","","images/combe-martin-devon.webp","https://www.seavistadevon.com/","live","CHECK: baths"
"slapton-devon","United Kingdom","South West England","Cornish coves, Devon boltholes and cottages across the West Country.","South West England","Slapton, Devon","Cottage (Dog Friendly)","4","","","images/slapton-devon.webp","https://www.slaptonholidaycottage.co.uk/","live","CHECK: baths"
"woolacombe-devon","United Kingdom","South West England","Cornish coves, Devon boltholes and cottages across the West Country.","South West England","Woolacombe, Devon","Barn Conversion","3","2","","images/woolacombe-devon.webp","https://www.devonfarms.co.uk/self-catering-holidays/north-devon-farm-holidays/woolacombe/pickwell-barton/89/","hidden","directory-hosted page (Devon Farms), hidden until Gary confirms"
"brixham-devon","United Kingdom","South West England","Cornish coves, Devon boltholes and cottages across the West Country.","South West England","Brixham, Devon","House (Town House)","3","","","images/brixham-devon.webp","https://harbourviewbrixham.co.uk/","live","CHECK: baths"
"north-devon-stables","United Kingdom","South West England","Cornish coves, Devon boltholes and cottages across the West Country.","South West England","Kipscombe, North Devon","Cottage (Dog Friendly)","1","","","images/north-devon-stables.webp","https://www.kipscombe.co.uk/","live","CHECK: baths"
"north-devon-farm","United Kingdom","South West England","Cornish coves, Devon boltholes and cottages across the West Country.","South West England","North Devon","Cottage (Farm)","2","","Private Pool","images/north-devon-farm.webp","https://www.northdevoncottage.co.uk/","live","CHECK: baths. Also has a bunk room"
"willsworthy-tavistock-devon","United Kingdom","South West England","Cornish coves, Devon boltholes and cottages across the West Country.","South West England","Willsworthy, Tavistock, Dartmoor","Cottage","","","","images/willsworthy-tavistock-devon.webp","https://www.lowerwillsworthycottage.co.uk/","hold","CHECK: beds, baths (sleeps 6)"
"west-lulworth-dorset-eb4bd4","United Kingdom","South West England","Cornish coves, Devon boltholes and cottages across the West Country.","South West England","West Lulworth, Dorset","Cottage","1","1","","images/west-lulworth-dorset-eb4bd4.webp","https://honeysucklecottagewestlulworth.co.uk/","live",""
"west-bay-dorset-11b64f","United Kingdom","South West England","Cornish coves, Devon boltholes and cottages across the West Country.","South West England","West Bay, Dorset","Cottage","2","1","","images/west-bay-dorset-11b64f.webp","https://westbaycottage.co.uk/","live",""
"chideock-dorset-759bf4","United Kingdom","South West England","Cornish coves, Devon boltholes and cottages across the West Country.","South West England","Chideock, Dorset","Cottage (Hot Tub)","3","3","","images/chideock-dorset-759bf4.webp","https://frogbythesea.co.uk/","live",""
"lyme-regis-dorset-3ee375","United Kingdom","South West England","Cornish coves, Devon boltholes and cottages across the West Country.","South West England","Lyme Regis, Dorset","Cottage","2","2","","images/lyme-regis-dorset-3ee375.webp","https://lymecottage.com/","live","Additional sofa bed; two bedrooms."
"beaminster-dorset-073af0","United Kingdom","South West England","Cornish coves, Devon boltholes and cottages across the West Country.","South West England","Beaminster, Dorset","Cottage (Dog Friendly)","3","1","","images/beaminster-dorset-073af0.webp","https://dorsetblackbird.co.uk/","live",""
"chaldon-herring-dorset-c75aef","United Kingdom","South West England","Cornish coves, Devon boltholes and cottages across the West Country.","South West England","Chaldon Herring, Dorset","Bungalow (Dog Friendly)","3","1","","images/chaldon-herring-dorset-c75aef.webp","https://www.theholliesdorset.co.uk/","live",""
"chideock-dorset-4665e4","United Kingdom","South West England","Cornish coves, Devon boltholes and cottages across the West Country.","South West England","Chideock, Dorset","Cottage","2","1","","images/chideock-dorset-4665e4.webp","https://greenwichcottage.co.uk/","live",""
"chideock-dorset-148552","United Kingdom","South West England","Cornish coves, Devon boltholes and cottages across the West Country.","South West England","Chideock, Dorset","Cottage","2","1","","images/chideock-dorset-148552.webp","https://chideockcottage.co.uk/","live",""
"buckland-newton-dorset-98f444","United Kingdom","South West England","Cornish coves, Devon boltholes and cottages across the West Country.","South West England","Buckland Newton, Dorset","Cottage (Dog Friendly)","4","","","images/buckland-newton-dorset-98f444.webp","https://theholidaycottagedorset.co.uk/","live","CHECK: bathroom count not confirmed on owner website."
"wyke-regis-weymouth-dorset-699405","United Kingdom","South West England","Cornish coves, Devon boltholes and cottages across the West Country.","South West England","Wyke Regis, Weymouth, Dorset","House","4","2","","images/wyke-regis-weymouth-dorset-699405.webp","https://littlecotweymouth.com/","live",""
"three-legged-cross-dorset-f226b2","United Kingdom","South West England","Cornish coves, Devon boltholes and cottages across the West Country.","South West England","Three Legged Cross, Dorset","Cottage","2","2","","images/three-legged-cross-dorset-f226b2.webp","https://foresterscottage.co.uk/","live","Two shower rooms."
"lyme-regis-dorset-4b07ba","United Kingdom","South West England","Cornish coves, Devon boltholes and cottages across the West Country.","South West England","Lyme Regis, Dorset","Cottage","1","2","","images/lyme-regis-dorset-4b07ba.webp","https://www.littlemadeira.co.uk/","live","One bedroom plus sofa bed."
"salwayash-bridport-dorset-f62284","United Kingdom","South West England","Cornish coves, Devon boltholes and cottages across the West Country.","South West England","Salwayash, Bridport, Dorset","Barn Conversion (Mezzanine)","1","1","","images/salwayash-bridport-dorset-f62284.webp","https://www.ciderhousedorset.co.uk/","live","One bedroom plus mezzanine sleeping area accessed by fixed ladder."
"ringstead-bay-dorset-1c3d1b","United Kingdom","South West England","Cornish coves, Devon boltholes and cottages across the West Country.","South West England","Ringstead Bay, Dorset","House","3","2","","images/ringstead-bay-dorset-1c3d1b.webp","https://www.shorecottagedorset.co.uk/","live",""
"grasmere-cumbria-117bd1","United Kingdom","North West & Lake District","Lake District barns and apartments in Cumbria.","North West & Lake District","Grasmere, Cumbria","Cottage","2","1","","images/grasmere-cumbria-117bd1.webp","https://www.grasmereholidaycottage.co.uk/","live",""
"coniston-cumbria-daf153","United Kingdom","North West & Lake District","Lake District barns and apartments in Cumbria.","North West & Lake District","Coniston, Cumbria","Cottage (Hot Tub)","6","","","images/coniston-cumbria-daf153.webp","https://www.browsideconiston.co.uk/","live","CHECK: owner confirms six bedrooms and five en-suites; total bathroom count not confirmed."
"ecclerigg-windermere-cumbria-db0f39","United Kingdom","North West & Lake District","Lake District barns and apartments in Cumbria.","North West & Lake District","Ecclerigg, Windermere, Cumbria","Cottage (Dog Friendly)","3","2","","images/ecclerigg-windermere-cumbria-db0f39.webp","https://pudding-cottage.com/","live","Leisure-club pass included for nearby Troutbeck Bridge; off-site facilities."
"bowness-on-windermere-cumbria-2f1104","United Kingdom","North West & Lake District","Lake District barns and apartments in Cumbria.","North West & Lake District","Bowness-on-Windermere, Cumbria","Cottage (Dog Friendly)","","","","images/bowness-on-windermere-cumbria-2f1104.webp","https://rydalcottage.co.uk/","live","CHECK: bedroom and bathroom counts not stated on owner website; sleeps four."
"kents-bank-grange-over-sands-cumbria-d36cd9","United Kingdom","North West & Lake District","Lake District barns and apartments in Cumbria.","North West & Lake District","Kents Bank, Grange-over-Sands, Cumbria","Bungalow (Dog Friendly)","2","1","","images/kents-bank-grange-over-sands-cumbria-d36cd9.webp","https://kentsbankholiday.co.uk/","live",""
"bowness-on-windermere-cumbria-8adce0","United Kingdom","North West & Lake District","Lake District barns and apartments in Cumbria.","North West & Lake District","Bowness-on-Windermere, Cumbria","Lodge","3","2","","images/bowness-on-windermere-cumbria-8adce0.webp","https://www.lodgeonthelake.co.uk/","live",""
"broad-haven-pembrokeshire-ade457","United Kingdom","Wales","Anglesey cottages and Carmarthenshire barns with private pools.","Wales","Broad Haven, Pembrokeshire","Cottage (Dog Friendly)","3","2","","images/broad-haven-pembrokeshire-ade457.webp","https://puffinpatchholidays.com/","live",""
"abersoch-gwynedd-70bf44","United Kingdom","Wales","Anglesey cottages and Carmarthenshire barns with private pools.","Wales","Abersoch, Gwynedd","Cottage (Dog Friendly)","3","2","","images/abersoch-gwynedd-70bf44.webp","https://tyniabersochholidayhome.co.uk/","live",""
"betws-y-coed-conwy-14102b","United Kingdom","Wales","Anglesey cottages and Carmarthenshire barns with private pools.","Wales","Betws-y-Coed, Conwy","Cottage","5","4","","images/betws-y-coed-conwy-14102b.webp","https://www.swn-y-dwr.co.uk/","live",""
"near-cardigan-pembrokeshire-884712","United Kingdom","Wales","Anglesey cottages and Carmarthenshire barns with private pools.","Wales","Near Cardigan, Pembrokeshire","Cottage (Hot Tub, Dog Friendly)","3","2","","images/near-cardigan-pembrokeshire-884712.webp","https://bwthyn-y-ddol.wales/","live","One bathroom and one shower room."
"near-llandrindod-wells-powys-3790b2","United Kingdom","Wales","Anglesey cottages and Carmarthenshire barns with private pools.","Wales","Near Llandrindod Wells, Powys","Barn Conversion (Dog Friendly)","2","2","","images/near-llandrindod-wells-powys-3790b2.webp","https://www.pippinscottage.co.uk/","live","Two shower rooms."
"llithfaen-gwynedd-2ff67d","United Kingdom","Wales","Anglesey cottages and Carmarthenshire barns with private pools.","Wales","Llithfaen, Gwynedd","Cottage","3","1","","images/llithfaen-gwynedd-2ff67d.webp","https://arallt.co.uk/","live",""
"suladale-isle-of-skye-5132d2","United Kingdom","Scotland","Highland houses with hot tubs, lochside cottages and dog-friendly escapes.","Scotland","Suladale, Isle of Skye","Cottage","","","","images/suladale-isle-of-skye-5132d2.webp","https://www.theoldcottageskye.com/","live","CHECK: bedroom and bathroom counts not explicitly stated; owner limits occupancy to two."
"findochty-moray-cb6232","United Kingdom","Scotland","Highland houses with hot tubs, lochside cottages and dog-friendly escapes.","Scotland","Findochty, Moray","Cottage","2","1","","images/findochty-moray-cb6232.webp","https://findochtyholidaycottage.co.uk/","live",""
"croftamie-stirlingshire-3b89c7","United Kingdom","Scotland","Highland houses with hot tubs, lochside cottages and dog-friendly escapes.","Scotland","Croftamie, Stirlingshire","Cottage","4","4","","images/croftamie-stirlingshire-3b89c7.webp","https://www.lomondappletree.co.uk/","live",""
"near-fordingbridge-hampshire-1bc1cb","United Kingdom","Southern & South East England","New Forest cottages, Kentish villages and Bedfordshire farmhouses.","Southern & South East England","Near Fordingbridge, Hampshire","Cottage (Hot Tub)","1","1","","images/near-fordingbridge-hampshire-1bc1cb.webp","https://www.thebothynewforestholidaycottage.co.uk/","live",""
"exbury-hampshire-9da726","United Kingdom","Southern & South East England","New Forest cottages, Kentish villages and Bedfordshire farmhouses.","Southern & South East England","Exbury, Hampshire","Barn Conversion","1","1","","images/exbury-hampshire-9da726.webp","https://www.oldbarnexbury.co.uk/","live",""
"laughton-east-sussex-c33c82","United Kingdom","Southern & South East England","New Forest cottages, Kentish villages and Bedfordshire farmhouses.","Southern & South East England","Laughton, East Sussex","Studio Cottage","1","1","","images/laughton-east-sussex-c33c82.webp","https://littlehawthorn.com/","live","Open-plan sleeping and living space with separate shower room."
"rotherfield-east-sussex-b2a6c9","United Kingdom","Southern & South East England","New Forest cottages, Kentish villages and Bedfordshire farmhouses.","Southern & South East England","Rotherfield, East Sussex","Cottage + Studio","6","5","","images/rotherfield-east-sussex-b2a6c9.webp","https://www.castlehillcottage.com/","live","Main house has five bedrooms and four bathrooms; separate studio adds one bedroom and shower room."
"mendlesham-suffolk-c77549","United Kingdom","Middle England","Norfolk coast apartments and country houses across the shires.","Middle England","Mendlesham, Suffolk","Farmhouse (Dog Friendly)","3","2","","images/mendlesham-suffolk-c77549.webp","https://www.cockettsholidaycottage.co.uk/","live","Three bedrooms plus playroom futons for additional guests."
"holt-norfolk-05bb3d","United Kingdom","Middle England","Norfolk coast apartments and country houses across the shires.","Middle England","Holt, Norfolk","Cottage","1","1","","images/holt-norfolk-05bb3d.webp","https://www.carpenterscottages.com/","live","Separate shower room."
"milldale-staffordshire-dd7d24","United Kingdom","Middle England","Norfolk coast apartments and country houses across the shires.","Middle England","Milldale, Staffordshire","Cottage","3","1","","images/milldale-staffordshire-dd7d24.webp","https://www.banksidecottage.com/","live",""
"longnor-staffordshire-441c45","United Kingdom","Middle England","Norfolk coast apartments and country houses across the shires.","Middle England","Longnor, Staffordshire","Cottage (Dog Friendly)","2","2","","images/longnor-staffordshire-441c45.webp","https://bakehouselongnor.co.uk/","live",""
"taddington-derbyshire-ed859c","United Kingdom","Middle England","Norfolk coast apartments and country houses across the shires.","Middle England","Taddington, Derbyshire","Cottage","3","1","","images/taddington-derbyshire-ed859c.webp","https://lodleyviewcottage.co.uk/","live",""
"ashford-in-the-water-derbyshire-d21790","United Kingdom","Middle England","Norfolk coast apartments and country houses across the shires.","Middle England","Ashford-in-the-Water, Derbyshire","Cottage (Dog Friendly)","2","1","","images/ashford-in-the-water-derbyshire-d21790.webp","https://www.catherinecottage.co.uk/","live",""
"bushmills-county-antrim-8a7cc5","United Kingdom","Northern Ireland","A cottage near the Causeway Coast in County Antrim.","Northern Ireland","Bushmills, County Antrim","Cottage (Dog Friendly)","","","","images/bushmills-county-antrim-8a7cc5.webp","https://www.bushmillsholidays.com/","live","CHECK: bedroom and bathroom counts not stated on owner website."
"near-ballydehob-county-cork-a10093","Europe","Ireland","Coastal cottages and houses in Cork, Kerry and Donegal.","Ireland","Near Ballydehob, County Cork","Cottage","2","2","","images/near-ballydehob-county-cork-a10093.webp","https://www.roaringwaterbay.com/","live",""
"dingle-county-kerry-81a873","Europe","Ireland","Coastal cottages and houses in Cork, Kerry and Donegal.","Ireland","Dingle, County Kerry","House","4","3","","images/dingle-county-kerry-81a873.webp","https://www.tinloughhouse.com/","live",""
"burtonport-county-donegal-70d4a1","Europe","Ireland","Coastal cottages and houses in Cork, Kerry and Donegal.","Ireland","Burtonport, County Donegal","Cottage","1","1","","images/burtonport-county-donegal-70d4a1.webp","https://holidaycottageburtonport.ie/","live",""
"broadway-worcestershire-d3afac","United Kingdom","Middle England","Norfolk coast apartments and country houses across the shires.","Middle England","Broadway, Worcestershire","Cottage","1","1","","images/broadway-worcestershire-d3afac.webp","https://lilyrosecottage.com/","live",""
"ford-gloucestershire-ac58d2","United Kingdom","South West England","Cornish coves, Devon boltholes and cottages across the West Country.","South West England","Ford, Gloucestershire","Cottage","2","1","","images/ford-gloucestershire-ac58d2.webp","https://www.grazierscottage.com/","live",""
"somerford-keynes-gloucestershire-4c3a1e","United Kingdom","South West England","Cornish coves, Devon boltholes and cottages across the West Country.","South West England","Somerford Keynes, Gloucestershire","Cottage (Hot Tub)","4","2.5","Communal Pool","images/somerford-keynes-gloucestershire-4c3a1e.webp","https://millvillage.co.uk/","live","Owner lists 2.5 bathrooms. Access to estate indoor and outdoor pools included."
